Built,n,prop
3.5.0,168,0.9767441860465116
3.5.1,2,0.011627906976744186
3.5.2,2,0.011627906976744186
