Built,n,prop
3.5.0,165,0.9763313609467456
3.5.1,2,0.011834319526627219
3.5.2,2,0.011834319526627219
