Built,n,prop
3.5.0,167,0.9709302325581395
3.5.1,2,0.011627906976744186
3.5.2,3,0.01744186046511628
